{
  "K": [
    [
      -184.532956,
      0.0,
      236.742549
    ],
    [
      0.0,
      1.9764,
      164.6975
    ],
    [
      0.0,
      0.0,
      1.0
    ]
  ],
  "T": [
    [
      0.707107,
      -0.353553,
      0.612372,
      -7.348469
    ],
    [
      0.0,
      0.866025,
      0.5,
      -6.0
    ],
    [
      -0.707107,
      -0.353553,
      0.612372,
      -7.348469
    ],
    [
      0.0,
      0.0,
      0.0,
      1.0
    ]
  ],
  "HW": [
    320,
    480
  ]
}