{
  "n_scenes": 15,
  "status_counts": {
    "infeasible": 14,
    "multimodal": 1
  },
  "feasible_rate": 0.06666666666666667,
  "csr_qrr_mean": 0.47299145299145295,
  "csr_qrr_std": 0.2559634854154471,
  "csr_qrr_median": 0.4,
  "csr_trr_mean": 0.24111111111111108,
  "csr_trr_std": 0.2935331810802004,
  "csr_trr_median": 0.125,
  "spread_mean": 14679.049816761602,
  "spread_std": 49241.155457808614,
  "spread_median": 2.6892304103171036,
  "best_loss_mean": 185.34950751413325,
  "best_loss_std": 134.20186381580535,
  "best_loss_median": 146.18175330109773,
  "kendall_tau_mean": 0.19999999999999998,
  "kendall_tau_std": 0.3596065522595265,
  "kendall_tau_n": 15,
  "nrms_mean": 0.39308011993392455,
  "nrms_std": 0.1518210029107723,
  "nrms_n": 15,
  "by_split": {
    "n04": {
      "n_scenes": 10,
      "csr_qrr_mean": 0.4499999999999999,
      "csr_trr_mean": 0.2333333333333333,
      "spread_mean": 21952.680739951626,
      "best_loss_mean": 122.10058706298749,
      "kendall_tau_mean": 0.22666666666666666,
      "nrms_mean": 0.37107478838250935
    },
    "n05": {
      "n_scenes": 5,
      "csr_qrr_mean": 0.518974358974359,
      "csr_trr_mean": 0.25666666666666665,
      "spread_mean": 131.78797038156182,
      "best_loss_mean": 311.8473484164248,
      "kendall_tau_mean": 0.14666666666666664,
      "nrms_mean": 0.4370907830367551
    }
  }
}