{
  "n_scenes": 15,
  "status_counts": {
    "infeasible": 14,
    "multimodal": 1
  },
  "feasible_rate": 0.06666666666666667,
  "csr_qrr_mean": 0.5136752136752137,
  "csr_qrr_std": 0.26496774172835097,
  "csr_qrr_median": 0.4,
  "csr_trr_mean": 0.24055555555555552,
  "csr_trr_std": 0.30529079438430906,
  "csr_trr_median": 0.16666666666666666,
  "spread_mean": 387.8753431089053,
  "spread_std": 1308.4353349701362,
  "spread_median": 1.6575133312452182,
  "best_loss_mean": 191.53848596546723,
  "best_loss_std": 150.69153980650458,
  "best_loss_median": 178.42667859384446,
  "kendall_tau_mean": 0.11703703703703702,
  "kendall_tau_std": 0.4011068362687289,
  "kendall_tau_n": 15,
  "nrms_mean": 0.40078451915314495,
  "nrms_std": 0.1777793458942172,
  "nrms_n": 15,
  "by_split": {
    "n04": {
      "n_scenes": 10,
      "csr_qrr_mean": 0.5499999999999999,
      "csr_trr_mean": 0.2125,
      "spread_mean": 575.9609195149437,
      "best_loss_mean": 121.35789913813328,
      "kendall_tau_mean": -5.551115123125783e-18,
      "nrms_mean": 0.4126053619142812
    },
    "n05": {
      "n_scenes": 5,
      "csr_qrr_mean": 0.44102564102564107,
      "csr_trr_mean": 0.29666666666666663,
      "spread_mean": 11.704190296828534,
      "best_loss_mean": 331.89965962013514,
      "kendall_tau_mean": 0.35111111111111104,
      "nrms_mean": 0.37714283363087253
    }
  }
}