{
  "K": [
    [
      4.162971,
      0.0,
      247.499374
    ],
    [
      0.0,
      -172.493677,
      173.113859
    ],
    [
      0.0,
      0.0,
      1.0
    ]
  ],
  "T": [
    [
      -0.707107,
      -0.353553,
      0.612372,
      -7.348469
    ],
    [
      0.0,
      0.866025,
      0.5,
      -6.0
    ],
    [
      -0.707107,
      0.353553,
      -0.612372,
      7.348469
    ],
    [
      0.0,
      0.0,
      0.0,
      1.0
    ]
  ],
  "HW": [
    320,
    480
  ]
}