{
  "K": [
    [
      16.360119,
      0.0,
      231.219382
    ],
    [
      0.0,
      -135.202678,
      172.96258
    ],
    [
      0.0,
      0.0,
      1.0
    ]
  ],
  "T": [
    [
      0.707107,
      0.353553,
      -0.612372,
      7.348469
    ],
    [
      -0.0,
      0.866025,
      0.5,
      -6.0
    ],
    [
      0.707107,
      -0.353553,
      0.612372,
      -7.348469
    ],
    [
      0.0,
      0.0,
      0.0,
      1.0
    ]
  ],
  "HW": [
    320,
    480
  ]
}