{
  "K": [
    [
      520.95796,
      0.0,
      239.980726
    ],
    [
      0.0,
      525.590586,
      159.944841
    ],
    [
      0.0,
      0.0,
      1.0
    ]
  ],
  "T": [
    [
      -0.707107,
      0.353553,
      -0.612372,
      7.348469
    ],
    [
      0.0,
      0.866025,
      0.5,
      -6.0
    ],
    [
      0.707107,
      0.353553,
      -0.612372,
      7.348469
    ],
    [
      0.0,
      0.0,
      0.0,
      1.0
    ]
  ],
  "HW": [
    320,
    480
  ]
}